{
  "mode": "rgb_only",
  "checkpoint_path": "outputs\\experiment2\\checkpoints\\rgb_only_best.pt",
  "best_epoch": 13,
  "best_valid_macro_f1": 0.9264494173442677,
  "test_accuracy": 0.7230769230769231,
  "test_macro_f1": 0.7227776122725158,
  "test_class_f1": [
    0.9056603773584906,
    0.4750957854406129,
    0.9239766081871345,
    0.7904191616766467,
    0.5333333333333333,
    0.3620689655172414,
    0.7916666666666667,
    1.0
  ],
  "test_class_support": [
    81,
    80,
    82,
    86,
    80,
    80,
    80,
    81
  ],
  "seconds": 1245.66
}