{
  "train_results": [
    {
      "run_name": "baseline_cnn_avg",
      "best_valid_macro_f1": 0.8262563848789338,
      "last_valid_accuracy": 0.8273866923818708,
      "last_valid_macro_f1": 0.8250071202449396,
      "seconds": 1007.94,
      "class_precision": [
        1.0,
        0.7258064516129032,
        0.8133333333333334,
        0.8561643835616438,
        0.6551724137931034,
        0.7227722772277227,
        0.8636363636363636,
        1.0
      ],
      "class_recall": [
        0.8527131782945736,
        0.703125,
        0.9384615384615385,
        0.9124087591240876,
        0.7421875,
        0.5703125,
        0.890625,
        1.0
      ],
      "class_f1": [
        0.9205020920502092,
        0.7142857142857143,
        0.8714285714285714,
        0.8833922261484098,
        0.6959706959706959,
        0.6375545851528385,
        0.8769230769230768,
        1.0
      ],
      "class_support": [
        129,
        128,
        130,
        137,
        128,
        128,
        128,
        129
      ],
      "metrics_path": "outputs\\metrics\\baseline_cnn_avg_history.csv",
      "checkpoint_path": "outputs\\checkpoints\\baseline_cnn_avg_best.pt"
    },
    {
      "run_name": "baseline_cnn_lstm",
      "best_valid_macro_f1": 0.9611313888502664,
      "last_valid_accuracy": 0.9132111861137898,
      "last_valid_macro_f1": 0.9121978875831256,
      "seconds": 992.77,
      "class_precision": [
        0.9844961240310077,
        0.9065420560747663,
        0.8951048951048951,
        0.8709677419354839,
        0.940677966101695,
        0.7808219178082192,
        0.9814814814814815,
        0.9847328244274809
      ],
      "class_recall": [
        0.9844961240310077,
        0.7578125,
        0.9846153846153847,
        0.9854014598540146,
        0.8671875,
        0.890625,
        0.828125,
        1.0
      ],
      "class_f1": [
        0.9844961240310077,
        0.825531914893617,
        0.9377289377289378,
        0.9246575342465755,
        0.9024390243902438,
        0.8321167883211679,
        0.8983050847457628,
        0.9923076923076923
      ],
      "class_support": [
        129,
        128,
        130,
        137,
        128,
        128,
        128,
        129
      ],
      "metrics_path": "outputs\\metrics\\baseline_cnn_lstm_history.csv",
      "checkpoint_path": "outputs\\checkpoints\\baseline_cnn_lstm_best.pt"
    },
    {
      "run_name": "baseline_keypoint",
      "best_valid_macro_f1": 0.9863918146902007,
      "last_valid_accuracy": 0.9864995178399228,
      "last_valid_macro_f1": 0.9863918146902007,
      "seconds": 1557.34,
      "class_precision": [
        0.9923076923076923,
        0.976,
        1.0,
        0.9927536231884058,
        0.9920634920634921,
        0.9473684210526315,
        0.9922480620155039,
        1.0
      ],
      "class_recall": [
        1.0,
        0.953125,
        0.9769230769230769,
        1.0,
        0.9765625,
        0.984375,
        1.0,
        1.0
      ],
      "class_f1": [
        0.9961389961389961,
        0.9644268774703557,
        0.9883268482490272,
        0.9963636363636363,
        0.9842519685039369,
        0.9655172413793104,
        0.9961089494163424,
        1.0
      ],
      "class_support": [
        129,
        128,
        130,
        137,
        128,
        128,
        128,
        129
      ],
      "metrics_path": "outputs\\metrics\\baseline_keypoint_history.csv",
      "checkpoint_path": "outputs\\checkpoints\\baseline_keypoint_best.pt"
    },
    {
      "run_name": "fusion",
      "best_valid_macro_f1": 0.9805075818814334,
      "last_valid_accuracy": 0.9729990356798457,
      "last_valid_macro_f1": 0.9728355972725947,
      "seconds": 2302.3,
      "class_precision": [
        1.0,
        0.9586776859504132,
        1.0,
        0.9448275862068966,
        0.984375,
        0.9057971014492754,
        1.0,
        1.0
      ],
      "class_recall": [
        1.0,
        0.90625,
        1.0,
        1.0,
        0.984375,
        0.9765625,
        0.9140625,
        1.0
      ],
      "class_f1": [
        1.0,
        0.9317269076305222,
        1.0,
        0.9716312056737589,
        0.984375,
        0.9398496240601504,
        0.9551020408163265,
        1.0
      ],
      "class_support": [
        129,
        128,
        130,
        137,
        128,
        128,
        128,
        129
      ],
      "metrics_path": "outputs\\metrics\\fusion_history.csv",
      "checkpoint_path": "outputs\\checkpoints\\fusion_best.pt"
    }
  ],
  "test_results": [
    {
      "run_name": "baseline_cnn_avg",
      "split": "test",
      "checkpoint_path": "outputs\\checkpoints\\baseline_cnn_avg_best.pt",
      "checkpoint_epoch": 19,
      "checkpoint_valid_macro_f1": 0.8262563848789338,
      "accuracy": 0.6323076923076923,
      "macro_f1": 0.6246155494171193,
      "class_precision": [
        0.8533333333333334,
        0.2440944881889764,
        0.7974683544303798,
        0.6160714285714286,
        0.5555555555555556,
        0.42,
        0.6888888888888889,
        1.0
      ],
      "class_recall": [
        0.7901234567901234,
        0.3875,
        0.7682926829268293,
        0.8023255813953488,
        0.25,
        0.2625,
        0.775,
        1.0
      ],
      "class_f1": [
        0.8205128205128205,
        0.2995169082125604,
        0.782608695652174,
        0.696969696969697,
        0.3448275862068966,
        0.3230769230769231,
        0.7294117647058822,
        1.0
      ],
      "class_support": [
        81,
        80,
        82,
        86,
        80,
        80,
        80,
        81
      ],
      "confusion_matrix": [
        [
          64,
          9,
          8,
          0,
          0,
          0,
          0,
          0
        ],
        [
          5,
          31,
          4,
          21,
          1,
          9,
          9,
          0
        ],
        [
          6,
          1,
          63,
          6,
          5,
          1,
          0,
          0
        ],
        [
          0,
          0,
          1,
          69,
          9,
          1,
          6,
          0
        ],
        [
          0,
          40,
          2,
          0,
          20,
          17,
          1,
          0
        ],
        [
          0,
          32,
          1,
          13,
          1,
          21,
          12,
          0
        ],
        [
          0,
          14,
          0,
          3,
          0,
          1,
          62,
          0
        ],
        [
          0,
          0,
          0,
          0,
          0,
          0,
          0,
          81
        ]
      ]
    },
    {
      "run_name": "baseline_cnn_lstm",
      "split": "test",
      "checkpoint_path": "outputs\\checkpoints\\baseline_cnn_lstm_best.pt",
      "checkpoint_epoch": 17,
      "checkpoint_valid_macro_f1": 0.9611313888502664,
      "accuracy": 0.7553846153846154,
      "macro_f1": 0.7547286303740611,
      "class_precision": [
        0.961038961038961,
        0.36645962732919257,
        0.9761904761904762,
        0.8351648351648352,
        0.9111111111111111,
        0.6052631578947368,
        0.7534246575342466,
        1.0
      ],
      "class_recall": [
        0.9135802469135802,
        0.7375,
        1.0,
        0.8837209302325582,
        0.5125,
        0.2875,
        0.6875,
        1.0
      ],
      "class_f1": [
        0.9367088607594937,
        0.48962655601659755,
        0.9879518072289156,
        0.8587570621468927,
        0.6559999999999999,
        0.38983050847457623,
        0.7189542483660132,
        1.0
      ],
      "class_support": [
        81,
        80,
        82,
        86,
        80,
        80,
        80,
        81
      ],