epoch,train_loss,train_accuracy,train_macro_f1,valid_loss,valid_accuracy,valid_macro_f1
1,2.1302629113197327,0.0625,0.03571428571428572,2.087708055973053,0.125,0.050505050505050504
