{
  "run_name": "baseline_cnn_lstm",
  "best_valid_macro_f1": 0.9611313888502664,
  "last_valid_accuracy": 0.9132111861137898,
  "last_valid_macro_f1": 0.9121978875831256,
  "seconds": 992.77,
  "class_precision": [
    0.9844961240310077,
    0.9065420560747663,
    0.8951048951048951,
    0.8709677419354839,
    0.940677966101695,
    0.7808219178082192,
    0.9814814814814815,
    0.9847328244274809
  ],
  "class_recall": [
    0.9844961240310077,
    0.7578125,
    0.9846153846153847,
    0.9854014598540146,
    0.8671875,
    0.890625,
    0.828125,
    1.0
  ],
  "class_f1": [
    0.9844961240310077,
    0.825531914893617,
    0.9377289377289378,
    0.9246575342465755,
    0.9024390243902438,
    0.8321167883211679,
    0.8983050847457628,
    0.9923076923076923
  ],
  "class_support": [
    129,
    128,
    130,
    137,
    128,
    128,
    128,
    129
  ],
  "metrics_path": "outputs\\metrics\\baseline_cnn_lstm_history.csv",
  "checkpoint_path": "outputs\\checkpoints\\baseline_cnn_lstm_best.pt"
}