{
  "run_name": "baseline_keypoint",
  "split": "test",
  "checkpoint_path": "outputs\\checkpoints\\baseline_keypoint_best.pt",
  "checkpoint_epoch": 30,
  "checkpoint_valid_macro_f1": 0.9863918146902007,
  "accuracy": 0.9492307692307692,
  "macro_f1": 0.9497189078744703,
  "class_precision": [
    1.0,
    0.8555555555555555,
    1.0,
    0.9605263157894737,
    0.9733333333333334,
    0.8636363636363636,
    0.9873417721518988,
    0.9759036144578314
  ],
  "class_recall": [
    1.0,
    0.9625,
    0.9512195121951219,
    0.8488372093023255,
    0.9125,
    0.95,
    0.975,
    1.0
  ],
  "class_f1": [
    1.0,
    0.9058823529411764,
    0.975,
    0.9012345679012346,
    0.9419354838709678,
    0.9047619047619048,
    0.9811320754716981,
    0.9878048780487805
  ],
  "class_support": [
    81,
    80,
    82,
    86,
    80,
    80,
    80,
    81
  ],
  "confusion_matrix": [
    [
      81,
      0,
      0,
      0,
      0,
      0,
      0,
      0
    ],
    [
      0,
      77,
      0,
      0,
      0,
      3,
      0,
      0
    ],
    [
      0,
      1,
      78,
      3,
      0,
      0,
      0,
      0
    ],
    [
      0,
      7,
      0,
      73,
      1,
      5,
      0,
      0
    ],
    [
      0,
      0,
      0,
      0,
      73,
      4,
      1,
      2
    ],
    [
      0,
      4,
      0,
      0,
      0,
      76,
      0,
      0
    ],
    [
      0,
      1,
      0,
      0,
      1,
      0,
      78,
      0
    ],
    [
      0,
      0,
      0,
      0,
      0,
      0,
      0,
      81
    ]
  ]
}