{
  "run_name": "baseline_cnn_avg",
  "best_valid_macro_f1": 0.8262563848789338,
  "last_valid_accuracy": 0.8273866923818708,
  "last_valid_macro_f1": 0.8250071202449396,
  "seconds": 1007.94,
  "class_precision": [
    1.0,
    0.7258064516129032,
    0.8133333333333334,
    0.8561643835616438,
    0.6551724137931034,
    0.7227722772277227,
    0.8636363636363636,
    1.0
  ],
  "class_recall": [
    0.8527131782945736,
    0.703125,
    0.9384615384615385,
    0.9124087591240876,
    0.7421875,
    0.5703125,
    0.890625,
    1.0
  ],
  "class_f1": [
    0.9205020920502092,
    0.7142857142857143,
    0.8714285714285714,
    0.8833922261484098,
    0.6959706959706959,
    0.6375545851528385,
    0.8769230769230768,
    1.0
  ],
  "class_support": [
    129,
    128,
    130,
    137,
    128,
    128,
    128,
    129
  ],
  "metrics_path": "outputs\\metrics\\baseline_cnn_avg_history.csv",
  "checkpoint_path": "outputs\\checkpoints\\baseline_cnn_avg_best.pt"
}