{
  "run_name": "baseline_keypoint",
  "best_valid_macro_f1": 0.9863918146902007,
  "last_valid_accuracy": 0.9864995178399228,
  "last_valid_macro_f1": 0.9863918146902007,
  "seconds": 1557.34,
  "class_precision": [
    0.9923076923076923,
    0.976,
    1.0,
    0.9927536231884058,
    0.9920634920634921,
    0.9473684210526315,
    0.9922480620155039,
    1.0
  ],
  "class_recall": [
    1.0,
    0.953125,
    0.9769230769230769,
    1.0,
    0.9765625,
    0.984375,
    1.0,
    1.0
  ],
  "class_f1": [
    0.9961389961389961,
    0.9644268774703557,
    0.9883268482490272,
    0.9963636363636363,
    0.9842519685039369,
    0.9655172413793104,
    0.9961089494163424,
    1.0
  ],
  "class_support": [
    129,
    128,
    130,
    137,
    128,
    128,
    128,
    129
  ],
  "metrics_path": "outputs\\metrics\\baseline_keypoint_history.csv",
  "checkpoint_path": "outputs\\checkpoints\\baseline_keypoint_best.pt"
}