{
  "run_name": "baseline_cnn_lstm",
  "split": "test",
  "checkpoint_path": "outputs\\checkpoints\\baseline_cnn_lstm_best.pt",
  "checkpoint_epoch": 17,
  "checkpoint_valid_macro_f1": 0.9611313888502664,
  "accuracy": 0.7553846153846154,
  "macro_f1": 0.7547286303740611,
  "class_precision": [
    0.961038961038961,
    0.36645962732919257,
    0.9761904761904762,
    0.8351648351648352,
    0.9111111111111111,
    0.6052631578947368,
    0.7534246575342466,
    1.0
  ],
  "class_recall": [
    0.9135802469135802,
    0.7375,
    1.0,
    0.8837209302325582,
    0.5125,
    0.2875,
    0.6875,
    1.0
  ],
  "class_f1": [
    0.9367088607594937,
    0.48962655601659755,
    0.9879518072289156,
    0.8587570621468927,
    0.6559999999999999,
    0.38983050847457623,
    0.7189542483660132,
    1.0
  ],
  "class_support": [
    81,
    80,
    82,
    86,
    80,
    80,
    80,
    81
  ],
  "confusion_matrix": [
    [
      74,
      6,
      1,
      0,
      0,
      0,
      0,
      0
    ],
    [
      1,
      59,
      1,
      7,
      3,
      3,
      6,
      0
    ],
    [
      0,
      0,
      82,
      0,
      0,
      0,
      0,
      0
    ],
    [
      0,
      8,
      0,
      76,
      1,
      1,
      0,
      0
    ],
    [
      1,
      29,
      0,
      0,
      41,
      8,
      1,
      0
    ],
    [
      1,
      40,
      0,
      5,
      0,
      23,
      11,
      0
    ],
    [
      0,
      19,
      0,
      3,
      0,
      3,
      55,
      0
    ],
    [
      0,
      0,
      0,
      0,
      0,
      0,
      0,
      81
    ]
  ]
}