{
  "run_name": "baseline_cnn_avg",
  "split": "test",
  "checkpoint_path": "outputs\\checkpoints\\baseline_cnn_avg_best.pt",
  "checkpoint_epoch": 19,
  "checkpoint_valid_macro_f1": 0.8262563848789338,
  "accuracy": 0.6323076923076923,
  "macro_f1": 0.6246155494171193,
  "class_precision": [
    0.8533333333333334,
    0.2440944881889764,
    0.7974683544303798,
    0.6160714285714286,
    0.5555555555555556,
    0.42,
    0.6888888888888889,
    1.0
  ],
  "class_recall": [
    0.7901234567901234,
    0.3875,
    0.7682926829268293,
    0.8023255813953488,
    0.25,
    0.2625,
    0.775,
    1.0
  ],
  "class_f1": [
    0.8205128205128205,
    0.2995169082125604,
    0.782608695652174,
    0.696969696969697,
    0.3448275862068966,
    0.3230769230769231,
    0.7294117647058822,
    1.0
  ],
  "class_support": [
    81,
    80,
    82,
    86,
    80,
    80,
    80,
    81
  ],
  "confusion_matrix": [
    [
      64,
      9,
      8,
      0,
      0,
      0,
      0,
      0
    ],
    [
      5,
      31,
      4,
      21,
      1,
      9,
      9,
      0
    ],
    [
      6,
      1,
      63,
      6,
      5,
      1,
      0,
      0
    ],
    [
      0,
      0,
      1,
      69,
      9,
      1,
      6,
      0
    ],
    [
      0,
      40,
      2,
      0,
      20,
      17,
      1,
      0
    ],
    [
      0,
      32,
      1,
      13,
      1,
      21,
      12,
      0
    ],
    [
      0,
      14,
      0,
      3,
      0,
      1,
      62,
      0
    ],
    [
      0,
      0,
      0,
      0,
      0,
      0,
      0,
      81
    ]
  ]
}