{
  "run_name": "fusion",
  "split": "test",
  "checkpoint_path": "outputs\\checkpoints\\fusion_best.pt",
  "checkpoint_epoch": 21,
  "checkpoint_valid_macro_f1": 0.9805075818814334,
  "accuracy": 0.8523076923076923,
  "macro_f1": 0.8467375993399855,
  "class_precision": [
    1.0,
    0.536,
    0.9647058823529412,
    0.8311688311688312,
    0.9629629629629629,
    0.8108108108108109,
    0.8554216867469879,
    1.0
  ],
  "class_recall": [
    1.0,
    0.8375,
    1.0,
    0.7441860465116279,
    0.975,
    0.375,
    0.8875,
    1.0
  ],
  "class_f1": [
    1.0,
    0.6536585365853659,
    0.9820359281437125,
    0.7852760736196319,
    0.9689440993788819,
    0.5128205128205128,
    0.8711656441717791,
    1.0
  ],
  "class_support": [
    81,
    80,
    82,
    86,
    80,
    80,
    80,
    81
  ],
  "confusion_matrix": [
    [
      81,
      0,
      0,
      0,
      0,
      0,
      0,
      0
    ],
    [
      0,
      67,
      0,
      7,
      0,
      2,
      4,
      0
    ],
    [
      0,
      0,
      82,
      0,
      0,
      0,
      0,
      0
    ],
    [
      0,
      9,
      2,
      64,
      2,
      4,
      5,
      0
    ],
    [
      0,
      1,
      0,
      0,
      78,
      1,
      0,
      0
    ],
    [
      0,
      39,
      1,
      6,
      1,
      30,
      3,
      0
    ],
    [
      0,
      9,
      0,
      0,
      0,
      0,
      71,
      0
    ],
    [
      0,
      0,
      0,
      0,
      0,
      0,
      0,
      81
    ]
  ]
}