{
  "run_name": "fusion_attention",
  "split": "test",
  "checkpoint_path": "outputs\\checkpoints\\fusion_attention_best.pt",
  "checkpoint_epoch": 27,
  "checkpoint_valid_macro_f1": 0.9826375886340388,
  "accuracy": 0.8646153846153846,
  "macro_f1": 0.8619621144582287,
  "class_precision": [
    1.0,
    0.527027027027027,
    1.0,
    0.9428571428571428,
    0.9753086419753086,
    0.9117647058823529,
    0.881578947368421,
    1.0
  ],
  "class_recall": [
    0.9629629629629629,
    0.975,
    1.0,
    0.7674418604651163,
    0.9875,
    0.3875,
    0.8375,
    1.0
  ],
  "class_f1": [
    0.9811320754716981,
    0.6842105263157895,
    1.0,
    0.8461538461538461,
    0.9813664596273292,
    0.543859649122807,
    0.8589743589743589,
    1.0
  ],
  "class_support": [
    81,
    80,
    82,
    86,
    80,
    80,
    80,
    81
  ],
  "confusion_matrix": [
    [
      78,
      3,
      0,
      0,
      0,
      0,
      0,
      0
    ],
    [
      0,
      78,
      0,
      0,
      0,
      0,
      2,
      0
    ],
    [
      0,
      0,
      82,
      0,
      0,
      0,
      0,
      0
    ],
    [
      0,
      13,
      0,
      66,
      1,
      2,
      4,
      0
    ],
    [
      0,
      0,
      0,
      0,
      79,
      0,
      1,
      0
    ],
    [
      0,
      42,
      0,
      4,
      1,
      31,
      2,
      0
    ],
    [
      0,
      12,
      0,
      0,
      0,
      1,
      67,
      0
    ],
    [
      0,
      0,
      0,
      0,
      0,
      0,
      0,
      81
    ]
  ]
}