{
  "run_name": "fusion",
  "best_valid_macro_f1": 0.9805075818814334,
  "last_valid_accuracy": 0.9729990356798457,
  "last_valid_macro_f1": 0.9728355972725947,
  "seconds": 2302.3,
  "class_precision": [
    1.0,
    0.9586776859504132,
    1.0,
    0.9448275862068966,
    0.984375,
    0.9057971014492754,
    1.0,
    1.0
  ],
  "class_recall": [
    1.0,
    0.90625,
    1.0,
    1.0,
    0.984375,
    0.9765625,
    0.9140625,
    1.0
  ],
  "class_f1": [
    1.0,
    0.9317269076305222,
    1.0,
    0.9716312056737589,
    0.984375,
    0.9398496240601504,
    0.9551020408163265,
    1.0
  ],
  "class_support": [
    129,
    128,
    130,
    137,
    128,
    128,
    128,
    129
  ],
  "metrics_path": "outputs\\metrics\\fusion_history.csv",
  "checkpoint_path": "outputs\\checkpoints\\fusion_best.pt"
}